City_ID,City,Country,Date,Lat,Lng,Max Temp,Humidity,Cloudiness,Wind Speed
0,esmeralda,CU,2021-11-08 18:28:51,21.8525,-78.1169,81.64,55,95,9.44
1,east london,ZA,2021-11-08 18:28:52,-33.0153,27.9116,59.94,94,75,11.5
2,bredasdorp,ZA,2021-11-08 18:28:52,-34.5322,20.0403,58.32,67,58,5.75
3,kodiak,US,2021-11-08 18:28:52,57.79,-152.4072,35.11,69,1,13.8
4,tekirdag,TR,2021-11-08 18:28:53,40.978,27.5085,52.95,69,100,4.36
5,new norfolk,AU,2021-11-08 18:28:53,-42.7826,147.0587,49.5,73,30,1.99
6,alihe,CN,2021-11-08 18:28:53,50.5667,123.7167,17.85,68,26,4.21
7,rikitea,PF,2021-11-08 18:28:53,-23.1203,-134.9692,74.23,81,100,12.91
8,luderitz,NA,2021-11-08 18:28:54,-26.6481,15.1594,62.49,67,24,29.19
9,pozo colorado,PY,2021-11-08 18:28:54,-23.4923,-58.7972,93.42,36,78,4.63
10,kapaa,US,2021-11-08 18:28:54,22.0752,-159.319,77.32,78,75,16.11
11,albany,US,2021-11-08 18:20:08,42.6001,-73.9662,63.68,58,2,4.0
12,cherskiy,RU,2021-11-08 18:28:54,68.75,161.3,-1.79,98,98,2.01
13,provideniya,RU,2021-11-08 18:28:55,64.3833,-173.3,12.0,86,11,5.59
14,airai,TL,2021-11-08 18:28:55,-8.9266,125.4092,63.09,94,100,0.34
15,hermanus,ZA,2021-11-08 18:28:55,-34.4187,19.2345,60.91,69,13,5.93
16,yellowknife,CA,2021-11-08 18:28:56,62.456,-114.3525,24.42,89,75,8.05
17,georgetown,MY,2021-11-08 18:28:56,5.4112,100.3354,78.73,93,40,3.44
18,port alfred,ZA,2021-11-08 18:28:56,-33.5906,26.891,60.87,84,100,15.68
19,sheridan,US,2021-11-08 18:28:56,44.8333,-106.9173,50.31,56,1,4.61
20,mar del plata,AR,2021-11-08 18:28:57,-38.0023,-57.5575,66.22,91,20,8.99
21,hithadhoo,MV,2021-11-08 18:28:57,-0.6,73.0833,82.56,74,94,14.81
22,butaritari,KI,2021-11-08 18:28:57,3.0707,172.7902,81.75,71,5,14.85
23,lagoa,PT,2021-11-08 18:28:58,39.05,-27.9833,62.62,91,100,3.58
24,sur,OM,2021-11-08 18:28:58,22.5667,59.5289,77.41,55,0,4.32
25,vila do maio,CV,2021-11-08 18:28:58,15.1333,-23.2167,79.59,73,96,13.13
26,vestmannaeyjar,IS,2021-11-08 18:28:58,63.4427,-20.2734,45.59,81,90,27.63
27,bethel,US,2021-11-08 18:28:59,41.3712,-73.414,65.71,51,0,1.01
28,bluff,NZ,2021-11-08 18:28:59,-46.6,168.3333,54.36,84,98,3.49
29,nanortalik,GL,2021-11-08 18:28:59,60.1432,-45.2371,26.67,78,49,15.52
30,arraial do cabo,BR,2021-11-08 18:29:00,-22.9661,-42.0278,76.96,73,75,9.22
31,mitu,CO,2021-11-08 18:29:00,1.1983,-70.1733,84.97,72,93,4.41
32,hilo,US,2021-11-08 18:29:00,19.7297,-155.09,76.8,76,20,5.75
33,hobart,AU,2021-11-08 18:27:34,-42.8794,147.3294,49.86,85,90,1.14
34,haines junction,CA,2021-11-08 18:29:00,60.7522,-137.5108,1.35,85,33,2.3
35,bambous virieux,MU,2021-11-08 18:29:01,-20.3428,57.7575,77.25,83,75,8.05
36,lebedinyy,RU,2021-11-08 18:29:02,58.5167,125.5167,12.04,90,96,12.86
37,hasaki,JP,2021-11-08 18:29:02,35.7333,140.8333,59.4,68,99,17.52
38,villazon,BO,2021-11-08 18:29:03,-22.0866,-65.5942,70.7,11,12,10.94
39,matara,LK,2021-11-08 18:29:03,5.9485,80.5353,74.7,91,100,12.53
40,fort frances,CA,2021-11-08 18:28:19,48.5999,-93.4003,49.15,53,1,4.0
41,ilulissat,GL,2021-11-08 18:29:04,69.2167,-51.1,-8.32,77,0,6.2
42,nanakuli,US,2021-11-08 18:29:04,21.3906,-158.1547,79.7,73,90,5.75
43,punta arenas,CL,2021-11-08 18:24:15,-53.15,-70.9167,55.51,44,40,26.46
44,washington,US,2021-11-08 18:26:08,47.5001,-120.5015,40.95,78,93,3.47
45,atuona,PF,2021-11-08 18:29:04,-9.8,-139.0333,77.41,79,17,19.42
46,esmeralda,CU,2021-11-08 18:28:51,21.8525,-78.1169,81.64,55,95,9.44
47,east london,ZA,2021-11-08 18:28:52,-33.0153,27.9116,59.94,94,75,11.5
48,bredasdorp,ZA,2021-11-08 18:28:52,-34.5322,20.0403,58.32,67,58,5.75
49,kodiak,US,2021-11-08 18:28:52,57.79,-152.4072,35.11,69,1,13.8
50,tekirdag,TR,2021-11-08 18:28:53,40.978,27.5085,52.95,69,100,4.36
51,new norfolk,AU,2021-11-08 18:28:53,-42.7826,147.0587,49.5,73,30,1.99
52,alihe,CN,2021-11-08 18:28:53,50.5667,123.7167,17.85,68,26,4.21
53,rikitea,PF,2021-11-08 18:28:53,-23.1203,-134.9692,74.23,81,100,12.91
54,luderitz,NA,2021-11-08 18:28:54,-26.6481,15.1594,62.49,67,24,29.19
55,pozo colorado,PY,2021-11-08 18:28:54,-23.4923,-58.7972,93.42,36,78,4.63
56,kapaa,US,2021-11-08 18:28:54,22.0752,-159.319,77.32,78,75,16.11
57,albany,US,2021-11-08 18:27:29,42.6001,-73.9662,63.68,57,2,1.99
58,cherskiy,RU,2021-11-08 18:28:54,68.75,161.3,-1.79,98,98,2.01
59,provideniya,RU,2021-11-08 18:28:55,64.3833,-173.3,12.0,86,11,5.59
60,airai,TL,2021-11-08 18:28:55,-8.9266,125.4092,63.09,94,100,0.34
61,hermanus,ZA,2021-11-08 18:28:55,-34.4187,19.2345,60.91,69,13,5.93
62,yellowknife,CA,2021-11-08 18:28:56,62.456,-114.3525,24.42,89,75,8.05
63,georgetown,MY,2021-11-08 18:28:56,5.4112,100.3354,78.73,93,40,3.44
64,port alfred,ZA,2021-11-08 18:28:56,-33.5906,26.891,60.87,84,100,15.68
65,sheridan,US,2021-11-08 18:28:56,44.8333,-106.9173,50.31,56,1,4.61
66,mar del plata,AR,2021-11-08 18:28:57,-38.0023,-57.5575,66.22,91,20,8.99
67,hithadhoo,MV,2021-11-08 18:28:57,-0.6,73.0833,82.56,74,94,14.81
68,butaritari,KI,2021-11-08 18:28:57,3.0707,172.7902,81.75,71,5,14.85
69,lagoa,PT,2021-11-08 18:28:58,39.05,-27.9833,62.62,91,100,3.58
70,sur,OM,2021-11-08 18:28:58,22.5667,59.5289,77.41,55,0,4.32
71,vila do maio,CV,2021-11-08 18:28:58,15.1333,-23.2167,79.59,73,96,13.13
72,vestmannaeyjar,IS,2021-11-08 18:28:58,63.4427,-20.2734,45.59,81,90,27.63
73,bethel,US,2021-11-08 18:28:59,41.3712,-73.414,65.71,51,0,1.01
74,bluff,NZ,2021-11-08 18:28:59,-46.6,168.3333,54.36,84,98,3.49
75,nanortalik,GL,2021-11-08 18:28:59,60.1432,-45.2371,26.67,78,49,15.52
76,arraial do cabo,BR,2021-11-08 18:29:00,-22.9661,-42.0278,76.96,73,75,9.22
77,mitu,CO,2021-11-08 18:29:00,1.1983,-70.1733,84.97,72,93,4.41
78,hilo,US,2021-11-08 18:29:00,19.7297,-155.09,76.8,76,20,5.75
79,hobart,AU,2021-11-08 18:27:34,-42.8794,147.3294,49.86,85,90,1.14
80,haines junction,CA,2021-11-08 18:29:00,60.7522,-137.5108,1.35,85,33,2.3
81,bambous virieux,MU,2021-11-08 18:29:01,-20.3428,57.7575,77.25,83,75,8.05
82,lebedinyy,RU,2021-11-08 18:29:02,58.5167,125.5167,12.04,90,96,12.86
83,hasaki,JP,2021-11-08 18:29:02,35.7333,140.8333,59.4,68,99,17.52
84,villazon,BO,2021-11-08 18:29:03,-22.0866,-65.5942,70.7,11,12,10.94
85,matara,LK,2021-11-08 18:29:03,5.9485,80.5353,74.7,91,100,12.53
86,fort frances,CA,2021-11-08 18:28:19,48.5999,-93.4003,49.15,53,1,4.0
87,ilulissat,GL,2021-11-08 18:29:04,69.2167,-51.1,-8.32,77,0,6.2
88,nanakuli,US,2021-11-08 18:29:04,21.3906,-158.1547,79.7,73,90,5.75
89,punta arenas,CL,2021-11-08 18:24:15,-53.15,-70.9167,55.51,44,40,26.46
90,washington,US,2021-11-08 18:26:08,47.5001,-120.5015,40.95,78,93,3.47
91,atuona,PF,2021-11-08 18:29:04,-9.8,-139.0333,77.41,79,17,19.42
92,cachoeiras de macacu,BR,2021-11-08 18:31:15,-22.4625,-42.6531,76.48,90,100,2.46
93,aksarka,RU,2021-11-08 18:31:15,66.5606,67.7975,10.27,89,17,9.22
94,rio esteban,HN,2021-11-08 18:31:15,15.8333,-86.3,82.0,83,99,6.26
95,mao,ES,2021-11-08 18:31:16,39.8885,4.2658,59.56,67,75,24.16
96,upernavik,GL,2021-11-08 18:31:16,72.7868,-56.1549,7.03,72,1,6.04
97,shingu,JP,2021-11-08 18:31:16,33.7333,135.9833,67.8,91,100,15.08
98,isangel,VU,2021-11-08 18:31:17,-19.55,169.2667,74.8,85,29,4.79
99,ponta do sol,PT,2021-11-08 18:31:17,32.6667,-17.1,68.72,69,2,4.68
100,salalah,OM,2021-11-08 18:31:17,17.0151,54.0924,78.89,69,0,4.61
101,ancud,CL,2021-11-08 18:31:17,-41.8697,-73.8203,65.43,68,8,7.81
102,lourdes,FR,2021-11-08 18:31:18,43.1,-0.05,47.68,81,90,5.75
103,torbay,CA,2021-11-08 18:30:59,47.6666,-52.7314,50.77,71,75,12.66
104,sochi,RU,2021-11-08 18:31:18,43.6,39.7303,58.62,78,6,5.1
105,tadine,NC,2021-11-08 18:31:18,-21.55,167.8833,72.82,72,100,4.72
106,geraldton,AU,2021-11-08 18:31:11,-28.7667,114.6,66.61,82,75,14.97
107,george town,MY,2021-11-08 18:28:56,5.4112,100.3354,78.73,93,40,3.44
108,coquimbo,CL,2021-11-08 18:29:43,-29.9533,-71.3436,62.33,72,75,13.8
109,colorines,MX,2021-11-08 18:31:19,19.2,-100.1667,75.6,52,66,6.26
110,springbok,ZA,2021-11-08 18:31:19,-29.6643,17.8865,50.65,66,0,8.7
111,ucluelet,CA,2021-11-08 18:31:20,48.9329,-125.5528,46.09,90,100,4.0
112,ushuaia,AR,2021-11-08 18:31:07,-54.8,-68.3,51.42,53,75,11.5
113,busselton,AU,2021-11-08 18:31:20,-33.65,115.3333,54.09,70,100,15.93
114,jamestown,US,2021-11-08 18:27:04,42.097,-79.2353,65.52,48,1,11.5
115,saint-francois,FR,2021-11-08 18:31:20,46.4154,3.9054,45.84,76,75,6.91
116,yatou,CN,2021-11-08 18:31:21,37.15,122.3833,37.2,81,38,20.15
117,port macquarie,AU,2021-11-08 18:29:56,-31.4333,152.9167,62.56,92,94,5.97
118,tshikapa,CD,2021-11-08 18:31:21,-6.4167,20.8,74.97,76,86,2.86
119,camacha,PT,2021-11-08 18:31:21,33.0833,-16.3333,65.16,59,40,8.05
120,rantauprapat,ID,2021-11-08 18:31:21,2.1,99.8333,74.03,87,91,2.91
121,timmins,CA,2021-11-08 18:29:53,48.4669,-81.3331,53.42,76,90,8.05
122,honggang,CN,2021-11-08 18:31:22,46.4667,124.8667,23.63,95,100,18.48
123,mataura,NZ,2021-11-08 18:31:22,-46.1927,168.8643,58.48,75,36,1.63
124,hambantota,LK,2021-11-08 18:31:22,6.1241,81.1185,75.54,100,100,9.22
125,lishui,CN,2021-11-08 18:31:23,28.4604,119.9103,40.23,76,0,2.55
126,shimoda,JP,2021-11-08 18:31:23,34.6667,138.95,61.11,86,84,12.01
127,emerald,AU,2021-11-08 18:31:23,-23.5333,148.1667,77.14,88,75,6.91
128,creel,MX,2021-11-08 18:31:23,27.75,-107.6333,65.26,32,100,8.01
129,saskylakh,RU,2021-11-08 18:31:24,71.9167,114.0833,14.23,96,100,5.01
130,tasiilaq,GL,2021-11-08 18:31:24,65.6145,-37.6368,26.76,67,100,5.39
131,nizwa,OM,2021-11-08 18:31:24,22.9333,57.5333,73.63,40,27,2.82
132,shirokiy,RU,2021-11-08 18:31:25,49.758,129.523,21.47,94,100,17.67
133,narsaq,GL,2021-11-08 18:31:25,60.9167,-46.05,30.42,87,15,2.33
134,cockburn town,TC,2021-11-08 18:31:25,21.4612,-71.1419,82.04,70,10,7.14
135,yar-sale,RU,2021-11-08 18:31:25,66.8333,70.8333,10.08,86,17,9.73
136,namibe,AO,2021-11-08 18:32:26,-15.1961,12.1522,69.13,76,2,3.18
137,victoria,HK,2021-11-08 18:32:26,22.2855,114.1577,66.25,52,88,1.01
138,aki,JP,2021-11-08 18:32:26,33.5,133.9,64.54,90,100,5.19
139,vila velha,BR,2021-11-08 18:32:27,-20.3297,-40.2925,76.95,86,90,1.99
140,labuhan,ID,2021-11-08 18:32:27,-6.8844,112.2051,81.61,77,100,4.92
141,faanui,PF,2021-11-08 18:32:27,-16.4833,-151.75,78.78,76,5,8.28
142,trat,TH,2021-11-08 18:32:27,12.5,102.5,83.98,94,97,7.25
143,katav-ivanovsk,RU,2021-11-08 18:32:28,54.7531,58.1956,30.9,91,100,5.46
144,tuktoyaktuk,CA,2021-11-08 18:32:28,69.4541,-133.0374,21.2,68,90,4.61
145,kawalu,ID,2021-11-08 18:32:28,-7.3817,108.2082,73.42,98,100,0.09
146,kaitangata,NZ,2021-11-08 18:32:28,-46.2817,169.8464,55.58,81,80,2.77
147,dunedin,NZ,2021-11-08 18:30:48,-45.8742,170.5036,57.79,90,84,2.95
148,vao,NC,2021-11-08 18:32:29,-22.6667,167.4833,72.73,71,100,8.75
149,chokurdakh,RU,2021-11-08 18:32:29,70.6333,147.9167,-16.83,92,22,7.29
150,san pedro de macoris,DO,2021-11-08 18:32:29,18.4616,-69.2972,88.41,58,60,6.29
151,kapoeta,SS,2021-11-08 18:32:30,4.7717,33.5903,80.46,54,100,2.77
152,nikolskoye,RU,2021-11-08 18:32:30,59.7035,30.7861,34.02,71,96,11.21
153,colesberg,ZA,2021-11-08 18:32:30,-30.72,25.0972,49.98,73,23,14.88
154,barrow,US,2021-11-08 18:32:30,71.2906,-156.7887,21.22,86,90,11.5
155,avarua,CK,2021-11-08 18:32:31,-21.2078,-159.775,77.05,69,75,6.91
156,sagua la grande,CU,2021-11-08 18:32:31,22.8067,-80.0756,79.79,64,99,10.89
157,konstantinovka,RU,2021-11-08 18:32:31,49.6167,127.9833,19.65,90,100,16.13
158,saldanha,ZA,2021-11-08 18:32:31,-33.0117,17.9442,60.85,73,0,11.81
159,mackenzie,CA,2021-11-08 18:29:08,55.2999,-123.1698,32.22,80,90,12.66
160,bowen,AU,2021-11-08 18:32:32,-20.0167,148.2333,77.22,85,100,5.91
161,ponta delgada,PT,2021-11-08 18:32:32,37.7333,-25.6667,72.5,83,20,12.66
162,poum,NC,2021-11-08 18:32:32,-20.2333,164.0167,75.61,79,48,11.45
163,grand gaube,MU,2021-11-08 18:32:33,-20.0064,57.6608,77.4,86,19,3.0
164,cape town,ZA,2021-11-08 18:32:33,-33.9258,18.4232,63.01,68,20,1.01
165,manama,BH,2021-11-08 18:32:33,26.2154,50.5832,79.34,44,0,0.0
166,pacific grove,US,2021-11-08 18:32:33,36.6177,-121.9166,64.15,50,1,4.0
167,saint george,US,2021-11-08 18:30:59,37.1041,-113.5841,73.87,33,1,1.01
168,port hardy,CA,2021-11-08 18:32:34,50.6996,-127.4199,42.8,93,90,20.71
169,kudahuvadhoo,MV,2021-11-08 18:32:34,2.6708,72.8944,82.89,74,69,15.75
170,khatanga,RU,2021-11-08 18:32:34,71.9667,102.5,-10.95,100,79,7.56
171,puerto ayora,EC,2021-11-08 18:32:34,-0.7393,-90.3518,76.96,72,53,11.5
172,scarborough,GB,2021-11-08 18:30:00,54.2797,-0.4044,53.83,87,75,5.01
173,tutoia,BR,2021-11-08 18:32:35,-2.7619,-42.2744,87.78,74,98,9.33
174,jumla,NP,2021-11-08 18:32:35,29.2747,82.1838,42.19,40,4,4.32
175,inhambane,MZ,2021-11-08 18:32:35,-23.865,35.3833,78.78,89,20,13.8
176,olinda,BR,2021-11-08 18:30:47,-8.0089,-34.8553,83.93,65,40,10.36
177,waingapu,ID,2021-11-08 18:32:36,-9.6567,120.2641,81.43,80,100,1.59
178,san nicolas,PH,2021-11-08 18:32:36,18.1725,120.5953,78.71,89,20,4.61
179,matagami,CA,2021-11-08 18:29:16,49.7502,-77.6328,50.11,81,90,12.66
180,nuuk,GL,2021-11-08 18:33:36,64.1835,-51.7216,25.41,80,75,3.44
181,konevo,RU,2021-11-08 18:33:37,62.1215,39.3192,25.88,77,64,8.68
182,havre-saint-pierre,CA,2021-11-08 18:33:37,50.2334,-63.5986,52.39,71,20,14.97
183,kutum,SD,2021-11-08 18:33:37,14.2,24.6667,76.51,22,49,7.47
184,port elizabeth,ZA,2021-11-08 18:32:41,-33.918,25.5701,57.49,100,90,5.75
185,pandan,PH,2021-11-08 18:33:37,14.0453,124.1694,79.52,88,100,12.39
186,mareeba,AU,2021-11-08 18:33:38,-17.0,145.4333,75.92,94,28,2.15
187,dombarovskiy,RU,2021-11-08 18:33:38,50.7587,59.5386,35.47,46,100,9.42
188,ludvika,SE,2021-11-08 18:33:38,60.1496,15.1878,26.04,91,18,3.04
189,matamoros,MX,2021-11-08 18:33:39,25.5333,-103.25,76.1,24,11,2.86
190,wainwright,CA,2021-11-08 18:33:39,52.839,-110.8572,40.91,30,100,11.54
191,bay city,US,2021-11-08 18:31:03,43.5945,-83.8889,66.11,57,1,13.8
192,saint-philippe,RE,2021-11-08 18:33:39,-21.3585,55.7679,74.79,85,43,9.13
193,husavik,IS,2021-11-08 18:33:39,66.0449,-17.3389,39.11,81,82,15.28
194,maputo,MZ,2021-11-08 18:33:40,-25.9653,32.5892,76.68,89,75,1.01
195,waipawa,NZ,2021-11-08 18:33:40,-41.4122,175.5153,59.04,74,0,3.18
196,ndele,CF,2021-11-08 18:33:40,8.4109,20.6473,79.07,57,100,1.74
197,san quintin,MX,2021-11-08 18:33:41,30.4833,-115.95,67.24,65,0,6.31
198,mizan teferi,ET,2021-11-08 18:33:41,6.9833,35.5833,62.06,92,39,2.66
199,ixtapa,MX,2021-11-08 18:33:41,20.7,-105.2,85.23,76,4,3.0
200,clyde river,CA,2021-11-08 18:33:41,70.4692,-68.5914,17.83,100,75,18.41
201,boali,CF,2021-11-08 18:33:42,4.8005,18.1275,75.4,81,10,2.64
202,college,US,2021-11-08 18:33:37,64.8569,-147.8028,15.75,82,75,4.61
203,bud,US,2021-11-08 18:33:42,39.447,-86.1758,69.82,40,1,12.08
204,comodoro rivadavia,AR,2021-11-08 18:30:01,-45.8667,-67.5,58.86,44,0,13.8
205,port blair,IN,2021-11-08 18:33:42,11.6667,92.75,82.26,84,100,10.8
206,galesong,ID,2021-11-08 18:33:42,-5.3166,119.3661,77.02,81,93,4.36
207,baie-comeau,CA,2021-11-08 18:32:24,49.2168,-68.1489,50.0,71,90,5.75
208,longyearbyen,SJ,2021-11-08 18:33:43,78.2186,15.6401,15.64,62,40,8.05
209,carnarvon,AU,2021-11-08 18:33:43,-24.8667,113.6333,66.27,68,40,17.27
210,dakar,SN,2021-11-08 18:33:43,14.6937,-17.4441,83.28,69,0,11.5
211,sitka,US,2021-11-08 18:33:44,57.0531,-135.33,42.69,61,20,13.8
212,maceio,BR,2021-11-08 18:32:47,-9.6658,-35.7353,89.04,66,40,17.27
213,baherden,TM,2021-11-08 18:33:44,38.4362,57.4316,48.96,41,0,6.13
214,urengoy,RU,2021-11-08 18:33:44,65.9667,78.3667,7.02,91,71,6.24
215,north bend,US,2021-11-08 18:33:45,43.4065,-124.2243,49.15,90,1,9.22
216,hadejia,NG,2021-11-08 18:33:45,12.4498,10.0444,86.49,17,86,6.02
217,kruisfontein,ZA,2021-11-08 18:33:45,-34.0033,24.7314,54.88,81,100,9.73
218,casablanca,MA,2021-11-08 18:32:41,33.5928,-7.6192,62.82,63,0,1.99
219,prince rupert,CA,2021-11-08 18:30:58,54.3161,-130.3201,42.49,66,100,19.57
220,mporokoso,ZM,2021-11-08 18:33:45,-9.3727,30.125,71.56,38,74,3.18
221,golden,US,2021-11-08 18:33:46,39.7555,-105.2211,69.1,58,75,6.91
222,gazanjyk,TM,2021-11-08 18:33:46,39.2446,55.5154,48.24,47,5,5.44
223,ahipara,NZ,2021-11-08 18:33:46,-35.1667,173.1667,60.03,87,4,1.9
224,cabo rojo,PR,2021-11-08 18:33:46,18.0866,-67.1457,86.9,69,12,4.0
225,mahebourg,MU,2021-11-08 18:34:47,-20.4081,57.7,77.29,83,75,8.05
226,stephenville,US,2021-11-08 18:30:58,32.2207,-98.2023,73.49,57,1,10.36
227,yumen,CN,2021-11-08 18:34:47,40.2833,97.2,16.14,56,5,6.35
228,sibolga,ID,2021-11-08 18:34:47,1.7427,98.7792,74.01,88,98,2.98
229,bengkulu,ID,2021-11-08 18:34:48,-3.8004,102.2655,76.82,91,100,8.81
230,lebu,CL,2021-11-08 18:34:48,-37.6167,-73.65,58.53,79,2,15.41
231,kearney,US,2021-11-08 18:34:14,40.6995,-99.0815,56.32,65,90,10.0
232,butterworth,MY,2021-11-08 18:34:48,5.3991,100.3638,78.84,94,40,3.0
233,alekseyevsk,RU,2021-11-08 18:34:49,57.8406,108.3492,32.58,86,100,14.03
234,dogondoutchi,NE,2021-11-08 18:34:49,13.6393,4.0287,90.68,10,3,7.49
235,boa vista,BR,2021-11-08 18:34:41,2.8197,-60.6733,91.38,46,40,16.11
236,vaini,TO,2021-11-08 18:34:49,-21.2,-175.2,77.16,88,75,5.75
237,palasa,IN,2021-11-08 18:34:50,18.7667,84.4167,69.71,65,49,3.83
238,valley city,US,2021-11-08 18:34:50,46.9233,-98.0032,49.19,46,1,10.36
239,tuatapere,NZ,2021-11-08 18:34:50,-46.1333,167.6833,58.82,75,98,5.35
240,orumiyeh,IR,2021-11-08 18:34:50,37.5527,45.0761,35.15,69,0,4.61
241,bathsheba,BB,2021-11-08 18:34:51,13.2167,-59.5167,88.41,62,20,13.8
242,shenzhen,CN,2021-11-08 18:34:37,22.5455,114.0683,66.15,52,29,10.49
243,kabanjahe,ID,2021-11-08 18:34:51,3.1001,98.4908,63.36,97,100,5.12
244,bambari,CF,2021-11-08 18:34:51,5.768,20.6757,72.19,90,44,0.98
245,rena,NO,2021-11-08 18:34:52,61.1348,11.3641,31.82,94,100,4.29
246,olafsvik,IS,2021-11-08 18:34:52,64.8945,-23.7142,39.79,96,100,20.62
247,atakpame,TG,2021-11-08 18:34:52,7.5333,1.1333,80.46,64,36,6.69
248,bow island,CA,2021-11-08 18:30:02,49.8668,-111.3684,47.46,47,100,11.5
249,vuktyl,RU,2021-11-08 18:34:52,63.8567,57.3094,20.98,92,100,4.38
250,fussa,JP,2021-11-08 18:34:53,35.7367,139.3236,61.61,91,40,6.91
251,hokitika,NZ,2021-11-08 18:34:53,-42.7167,170.9667,55.6,82,100,2.48
252,luanda,AO,2021-11-08 18:31:53,-8.8368,13.2343,76.41,82,96,9.33
253,saint anthony,US,2021-11-08 18:34:53,45.0205,-93.218,57.54,47,90,3.0
254,constitucion,CL,2021-11-08 18:34:53,-35.3333,-72.4167,65.17,66,48,19.42
255,swan river,CA,2021-11-08 18:30:19,52.1058,-101.2676,40.89,48,100,11.5
256,arica,CL,2021-11-08 18:34:54,-18.475,-70.3042,74.75,56,0,14.97
257,kuching,MY,2021-11-08 18:34:54,1.55,110.3333,75.42,94,40,3.44
258,port lincoln,AU,2021-11-08 18:30:58,-34.7333,135.8667,54.39,75,100,5.1
259,erdemli,TR,2021-11-08 18:34:54,36.605,34.3084,71.92,36,100,4.0
260,piranhas,BR,2021-11-08 18:34:55,-16.4269,-51.8222,89.74,48,99,3.98
261,dikson,RU,2021-11-08 18:33:07,73.5069,80.5464,8.02,95,100,0.67
262,carmelo,UY,2021-11-08 18:34:55,-33.9892,-58.2856,85.19,34,0,5.88
263,cidreira,BR,2021-11-08 18:34:55,-30.1811,-50.2056,67.93,63,12,9.4
264,thinadhoo,MV,2021-11-08 18:34:55,0.5333,72.9333,83.01,69,75,16.67
265,port hedland,AU,2021-11-08 18:34:56,-20.3167,118.5667,73.45,78,12,14.97
266,korostyshiv,UA,2021-11-08 18:34:56,50.3172,29.0563,46.33,61,100,9.01
267,huadian,CN,2021-11-08 18:34:56,42.9633,126.7478,27.05,75,100,14.03
268,mafinga,TZ,2021-11-08 18:35:57,-7.25,35.0667,78.69,26,33,8.99
269,naron,ES,2021-11-08 18:35:57,43.5167,-8.1528,61.03,93,39,7.52
270,tecoanapa,MX,2021-11-08 18:35:57,16.5167,-98.75,84.0,68,19,7.43
271,zeya,RU,2021-11-08 18:35:57,53.75,127.2667,12.76,84,5,4.36
272,pascagoula,US,2021-11-08 18:32:04,30.3658,-88.5561,76.41,36,1,4.61
273,quelimane,MZ,2021-11-08 18:35:58,-17.8786,36.8883,80.55,78,0,14.97
274,qaanaaq,GL,2021-11-08 18:35:58,77.484,-69.3632,2.08,57,0,8.7
275,durban,ZA,2021-11-08 18:32:49,-29.8579,31.0292,69.93,95,100,1.01
276,sao paulo de olivenca,BR,2021-11-08 18:35:58,-3.3783,-68.8725,90.16,53,85,2.17
277,arapongas,BR,2021-11-08 18:35:58,-23.4194,-51.4244,75.7,67,100,5.1
278,tiksi,RU,2021-11-08 18:35:59,71.6872,128.8694,16.86,80,100,16.73
279,manta,EC,2021-11-08 18:35:59,-0.95,-80.7333,76.78,73,75,10.36
280,buala,SB,2021-11-08 18:35:59,-8.145,159.5921,80.47,80,7,8.5
281,ostrovnoy,RU,2021-11-08 18:36:00,68.0531,39.5131,29.41,67,100,19.6
282,russell,US,2021-11-08 18:36:00,32.3502,-85.1999,72.91,28,1,0.0
283,plettenberg bay,ZA,2021-11-08 18:36:00,-34.0527,23.3716,56.55,85,99,7.27
284,nioki,CD,2021-11-08 18:36:00,-2.7167,17.6833,77.25,77,100,0.27
285,codrington,AU,2021-11-08 18:36:01,-38.2667,141.9667,43.45,93,45,6.73
286,rio gallegos,AR,2021-11-08 18:34:25,-51.6226,-69.2181,64.45,19,40,12.66
287,ipixuna,BR,2021-11-08 18:36:01,-1.7625,-48.8043,85.95,60,86,0.92
288,asau,RO,2021-11-08 18:36:02,46.4333,26.4,47.75,83,100,3.87
289,yafran,LY,2021-11-08 18:36:02,32.0633,12.5286,65.41,60,96,6.8
290,edelira,PY,2021-11-08 18:36:03,-26.75,-55.2667,90.34,28,80,3.18
291,vangaindrano,MG,2021-11-08 18:36:03,-23.35,47.6,72.91,93,100,7.43
292,te anau,NZ,2021-11-08 18:36:03,-45.4167,167.7167,50.52,89,100,1.43
293,harper,LR,2021-11-08 18:36:04,4.375,-7.7169,79.56,82,21,5.32
294,ola,RU,2021-11-08 18:36:04,59.5833,151.2833,8.29,74,0,7.34
295,sao joao da barra,BR,2021-11-08 18:34:55,-21.6403,-41.0511,78.89,73,58,10.69
296,kodinsk,RU,2021-11-08 18:32:09,58.6881,99.1844,32.31,73,97,13.91
297,sorland,NO,2021-11-08 18:36:04,67.667,12.6934,39.06,63,100,13.51
298,rawson,AR,2021-11-08 18:36:05,-43.3002,-65.1023,59.13,64,39,17.54
299,santiago del estero,AR,2021-11-08 18:35:57,-27.7951,-64.2615,83.8,43,23,6.76
300,tucuma,BR,2021-11-08 18:36:05,-0.1833,-50.05,84.97,66,27,8.12
301,sao filipe,CV,2021-11-08 18:36:05,14.8961,-24.4956,78.3,74,100,10.13
302,srednekolymsk,RU,2021-11-08 18:36:06,67.45,153.6833,-8.59,100,98,5.55
303,forssa,FI,2021-11-08 18:36:06,60.8146,23.6215,27.95,80,5,4.03
304,hasanabad,IR,2021-11-08 18:36:06,36.5465,61.0543,47.03,39,7,1.28
305,minab,IR,2021-11-08 18:36:06,27.1467,57.0801,71.1,57,2,3.29
306,mathbaria,BD,2021-11-08 18:36:07,22.2876,89.9593,66.34,71,99,6.17
307,westport,US,2021-11-08 18:36:07,41.1415,-73.3579,66.97,46,1,1.01
308,namatanai,PG,2021-11-08 18:36:07,-3.6667,152.4333,79.54,81,99,9.89
309,tezu,IN,2021-11-08 18:36:08,27.9167,96.1667,64.08,40,4,4.72
310,buchanan,LR,2021-11-08 18:36:08,5.8808,-10.0467,84.16,79,38,5.39
311,flinders,AU,2021-11-08 18:36:08,-34.5833,150.8552,63.21,93,83,7.38
312,tlacotepec,MX,2021-11-08 18:36:08,20.0667,-97.8667,66.49,71,75,6.38
313,tateyama,JP,2021-11-08 18:36:09,34.9833,139.8667,64.33,88,75,1.14
314,port moresby,PG,2021-11-08 18:37:09,-9.4431,147.1797,75.7,88,9,4.0
315,bafata,GW,2021-11-08 18:37:09,12.1667,-14.75,83.34,61,28,5.12
316,strezhevoy,RU,2021-11-08 18:37:09,60.7333,77.5889,33.78,98,100,12.86
317,vardo,NO,2021-11-08 18:37:10,70.3705,31.1107,30.18,80,75,18.41
318,pisco,PE,2021-11-08 18:35:00,-13.7,-76.2167,69.03,77,90,12.66
319,grindavik,IS,2021-11-08 18:32:32,63.8424,-22.4338,43.27,100,90,19.57
320,gizo,SB,2021-11-08 18:37:10,-8.103,156.8419,82.36,72,60,7.56
321,chara,RU,2021-11-08 18:37:10,56.9064,118.2631,8.29,81,48,1.9
322,komsomolskiy,UZ,2021-11-08 18:37:11,40.4272,71.7189,40.42,69,40,4.61
323,oussouye,SN,2021-11-08 18:37:11,12.485,-16.5469,87.98,57,76,11.01
324,humberto de campos,BR,2021-11-08 18:37:11,-2.5983,-43.4611,83.05,68,93,4.43
325,alexandria,EG,2021-11-08 18:37:11,31.2156,29.9553,76.96,57,0,5.75
326,baculin,PH,2021-11-08 18:37:12,7.4525,126.5842,78.15,91,100,5.44
327,chuy,UY,2021-11-08 18:37:12,-33.6971,-53.4616,67.32,60,45,8.97
328,avera,US,2021-11-08 18:37:12,33.194,-82.5271,70.48,25,0,6.91
329,hay river,CA,2021-11-08 18:32:24,60.8156,-115.7999,21.18,86,90,10.36
330,maine-soroa,NE,2021-11-08 18:37:13,13.2114,12.0241,85.77,14,0,9.84
331,thompson,CA,2021-11-08 18:37:13,55.7435,-97.8558,30.36,100,90,10.36
332,tocopilla,CL,2021-11-08 18:37:13,-22.092,-70.1979,66.88,67,73,5.17
333,manicore,BR,2021-11-08 18:37:13,-5.8092,-61.3003,82.8,82,98,1.05
334,parrita,CR,2021-11-08 18:35:21,9.5201,-84.3225,92.97,71,54,6.06
335,lorengau,PG,2021-11-08 18:37:14,-2.0226,147.2712,81.7,82,36,10.22
336,castro,BR,2021-11-08 18:37:14,-24.7911,-50.0119,71.38,80,84,7.29
337,port hawkesbury,CA,2021-11-08 18:37:14,45.6169,-61.3485,53.82,68,1,1.99
338,gat,IL,2021-11-08 18:37:15,31.61,34.7642,76.41,32,6,3.51
339,golovchino,RU,2021-11-08 18:37:15,50.5341,35.797,47.3,71,100,10.85
340,lecco,IT,2021-11-08 18:37:15,45.8533,9.3905,50.29,89,0,1.57
341,noshiro,JP,2021-11-08 18:37:16,40.2039,140.0242,58.57,69,100,18.14
342,hermsdorf,DE,2021-11-08 18:37:16,50.9,11.8667,44.53,86,98,4.0
343,kalevala,RU,2021-11-08 18:37:16,65.2,31.1667,21.0,91,10,4.74
344,catemaco,MX,2021-11-08 18:37:16,18.4167,-95.1167,80.35,62,68,7.78
345,fortuna,US,2021-11-08 18:37:17,40.5982,-124.1573,46.74,87,1,10.36
346,mehamn,NO,2021-11-08 18:37:17,71.0357,27.8492,30.38,80,90,11.5
347,cabo san lucas,MX,2021-11-08 18:35:31,22.8909,-109.9124,90.61,59,92,3.0
348,kahului,US,2021-11-08 18:36:35,20.8947,-156.47,79.84,65,20,3.44
349,yarada,IN,2021-11-08 18:37:17,17.65,83.2667,71.92,88,40,3.44
350,palaia fokaia,GR,2021-11-08 18:37:17,37.72,23.9463,65.71,78,0,3.89
351,sakakah,SA,2021-11-08 18:37:18,29.9697,40.2064,67.57,23,0,9.33
352,ngorongoro,TZ,2021-11-08 18:37:18,-3.2397,35.4875,58.42,41,100,4.52
353,yerbogachen,RU,2021-11-08 18:37:18,61.2767,108.0108,27.84,93,100,12.91
354,egvekinot,RU,2021-11-08 18:37:19,66.3167,-179.1667,1.85,97,99,3.27
355,nara,JP,2021-11-08 18:37:19,34.6851,135.8049,63.97,93,100,3.53
356,deer lake,CA,2021-11-08 18:37:19,49.1667,-57.4316,49.86,71,75,10.36
357,pombia,IT,2021-11-08 18:37:19,45.653,8.6336,50.13,91,20,3.44
358,nome,US,2021-11-08 18:32:54,64.5011,-165.4064,-0.33,78,1,0.0
359,sao jose da coroa grande,BR,2021-11-08 18:37:20,-8.8978,-35.1478,81.7,71,24,12.19
360,levelland,US,2021-11-08 18:37:20,33.5873,-102.378,76.19,14,97,13.71
361,salta,AR,2021-11-08 18:37:20,-24.7859,-65.4117,80.89,43,40,8.01
362,naze,JP,2021-11-08 18:37:20,28.3667,129.4833,62.44,75,99,18.5
363,acajutla,SV,2021-11-08 18:37:21,13.5928,-89.8275,100.74,49,15,4.29
364,atasu,KZ,2021-11-08 18:38:21,48.6814,71.6433,32.31,40,0,5.64
365,vilyuysk,RU,2021-11-08 18:38:21,63.7553,121.6247,25.54,96,100,7.65
366,bandarbeyla,SO,2021-11-08 18:38:21,9.4942,50.8122,78.28,67,12,11.65
367,tortoli,IT,2021-11-08 18:38:22,39.9256,9.6572,55.98,82,75,2.3
368,klaksvik,FO,2021-11-08 18:38:22,62.2266,-6.589,49.12,80,100,22.91
369,ulladulla,AU,2021-11-08 18:38:22,-35.35,150.4667,59.77,90,60,4.88
370,angoche,MZ,2021-11-08 18:38:23,-16.2325,39.9086,78.96,79,8,16.4
371,ribeira grande,PT,2021-11-08 18:38:23,38.5167,-28.7,66.6,88,75,2.3
372,lingao,CN,2021-11-08 18:38:23,19.9103,109.6859,66.51,66,100,9.75
373,zelenogradsk,RU,2021-11-08 18:38:23,54.9589,20.4767,41.05,73,40,8.95
374,san cristobal,VE,2021-11-08 18:38:24,7.7669,-72.225,78.98,47,54,4.25
375,wyndham,US,2021-11-08 18:38:24,37.6985,-77.6125,72.0,44,1,1.01
376,bayir,TR,2021-11-08 18:38:24,37.2687,28.2167,50.52,47,5,3.09
377,anloga,GH,2021-11-08 18:38:24,5.7947,0.8973,82.62,78,76,12.21
378,kikwit,CD,2021-11-08 18:38:25,-5.041,18.8162,72.59,94,94,1.63
379,adrar,MR,2021-11-08 18:38:25,20.5022,-10.0711,76.19,16,58,10.25
380,shelburne,CA,2021-11-08 18:38:25,44.0787,-80.2041,64.89,43,12,15.48
381,awjilah,LY,2021-11-08 18:38:25,29.1081,21.2869,72.05,39,100,8.1
382,kavieng,PG,2021-11-08 18:38:26,-2.5744,150.7967,82.6,78,90,13.94
383,goundam,ML,2021-11-08 18:38:26,16.4145,-3.6708,88.93,16,54,9.66
384,albanel,CA,2021-11-08 18:38:26,48.8832,-72.4487,49.98,66,100,8.05
385,mago,RU,2021-11-08 18:38:26,53.2514,140.1822,13.96,89,95,2.44
386,sovetskiy,RU,2021-11-08 18:38:27,61.3614,63.5842,29.73,92,100,5.14
387,aden,YE,2021-11-08 18:38:27,12.7794,45.0367,82.38,63,6,14.0
388,goderich,CA,2021-11-08 18:34:47,43.7501,-81.7165,62.91,58,0,13.8
389,guane,CU,2021-11-08 18:38:27,22.2025,-84.0875,79.95,48,38,10.69
390,mount gambier,AU,2021-11-08 18:38:28,-37.8333,140.7667,40.91,100,18,0.0
391,batticaloa,LK,2021-11-08 18:38:28,7.7102,81.6924,75.11,94,100,13.11
392,astana,KZ,2021-11-08 18:38:28,51.1801,71.446,28.35,64,0,6.71
393,newala,TZ,2021-11-08 18:38:28,-10.9431,39.2787,69.82,83,5,10.94
394,mumbwa,ZM,2021-11-08 18:38:29,-14.9783,27.0619,79.95,20,76,2.77
395,lasa,IT,2021-11-08 18:38:29,46.6166,10.7002,43.68,72,13,4.74
396,mitsamiouli,KM,2021-11-08 18:38:29,-11.3847,43.2844,82.69,69,20,9.22
397,durango,MX,2021-11-08 18:34:37,24.8333,-104.8333,70.47,24,98,1.83
398,riyadh,SA,2021-11-08 18:33:55,24.6877,46.7219,69.94,23,0,9.19
399,naryan-mar,RU,2021-11-08 18:38:29,67.6713,53.087,19.53,87,48,8.55
400,katsuura,JP,2021-11-08 18:38:30,35.1333,140.3,64.42,80,86,12.39
401,masuri,KR,2021-11-08 18:38:30,35.8488,128.1492,42.49,80,83,5.91
402,rocha,UY,2021-11-08 18:38:30,-34.4833,-54.3333,67.28,59,7,10.76
403,roma,US,2021-11-08 18:38:31,43.2128,-75.4557,65.66,78,90,0.0
404,norman wells,CA,2021-11-08 18:38:31,65.282,-126.8329,12.24,85,75,5.75
405,hamilton,US,2021-11-08 18:37:47,39.1834,-84.5333,70.36,41,1,1.99
406,khandyga,RU,2021-11-08 18:38:31,62.6667,135.6,7.21,96,100,5.44
407,kasongo-lunda,CD,2021-11-08 18:38:31,-6.4667,16.8167,76.15,76,100,0.74
408,paamiut,GL,2021-11-08 18:38:32,61.994,-49.6678,19.81,82,100,6.04
409,pemberton,CA,2021-11-08 18:38:32,50.3164,-122.8027,38.89,90,100,3.06
410,port-de-bouc,FR,2021-11-08 18:38:32,43.4,4.9833,57.96,60,0,17.27
411,wageningen,NL,2021-11-08 18:39:32,51.9667,5.6667,51.94,95,90,2.3
412,soyo,AO,2021-11-08 18:39:33,-6.1349,12.3689,78.76,83,100,10.42
413,mogadishu,SO,2021-11-08 18:34:45,2.0371,45.3438,79.38,77,100,10.85
414,mocuba,MZ,2021-11-08 18:39:33,-16.8392,36.9856,78.13,69,70,4.07
415,vryburg,ZA,2021-11-08 18:39:33,-26.9566,24.7284,66.36,24,0,12.48
416,camana,PE,2021-11-08 18:39:34,-16.6228,-72.7111,68.95,69,37,7.92
417,laela,TZ,2021-11-08 18:39:34,-8.5667,32.05,73.36,25,91,1.74
418,igrim,RU,2021-11-08 18:39:34,63.1906,64.4162,26.78,91,99,1.16
419,jibuti,DJ,2021-11-08 18:39:13,11.5,42.5,80.02,60,96,16.28
420,anito,PH,2021-11-08 18:39:34,12.4497,125.2886,79.03,89,100,9.44
421,puerto cabezas,NI,2021-11-08 18:39:35,14.0351,-83.3888,80.56,94,75,13.8
422,yelizovo,RU,2021-11-08 18:39:35,53.1873,158.3805,32.14,55,40,8.95
423,sabang,ID,2021-11-08 18:39:35,5.8933,95.3214,79.29,83,100,22.35
424,dhidhdhoo,MV,2021-11-08 18:39:36,6.8833,73.1,81.18,80,100,12.59
425,aksu,CN,2021-11-08 18:39:12,41.1231,80.2644,29.98,25,10,3.91
426,umm kaddadah,SD,2021-11-08 18:39:36,13.6017,26.6876,84.18,20,1,11.54
427,great yarmouth,GB,2021-11-08 18:39:36,52.6083,1.7305,49.95,84,16,9.78
428,balezino,RU,2021-11-08 18:39:36,57.9796,53.0106,37.08,97,100,13.53
429,bystrice nad pernstejnem,CZ,2021-11-08 18:39:37,49.5229,16.2615,44.51,80,13,4.14
430,sinop,TR,2021-11-08 18:39:37,41.7711,34.8709,60.48,57,3,10.4
431,belyy yar,RU,2021-11-08 18:39:37,53.6039,91.3903,39.09,65,0,8.95
432,udankudi,IN,2021-11-08 18:39:37,8.4333,78.0167,76.42,85,100,8.55
433,okhotsk,RU,2021-11-08 18:39:38,59.3833,143.3,-2.43,79,0,15.01
434,vestmanna,FO,2021-11-08 18:39:38,62.1564,-7.1664,47.32,93,90,13.8
435,pedro ii,BR,2021-11-08 18:39:38,-4.4247,-41.4586,81.55,56,100,3.76
436,zarichne,UA,2021-11-08 18:39:38,51.8126,26.129,44.67,84,99,9.01
437,benjamin constant,BR,2021-11-08 18:39:39,-4.3831,-70.0311,87.93,70,40,3.44
438,iqaluit,CA,2021-11-08 18:39:39,63.7506,-68.5145,13.73,72,1,11.99
439,rayong,TH,2021-11-08 18:39:39,12.8333,101.4333,81.79,99,68,3.91
440,atbasar,KZ,2021-11-08 18:39:39,51.8,68.3333,30.4,46,88,7.61
441,newport,GB,2021-11-08 18:35:19,51.5877,-2.9984,56.86,94,88,8.97
442,baruun-urt,MN,2021-11-08 18:39:40,46.6806,113.2792,21.88,67,98,6.46
443,adeje,ES,2021-11-08 18:39:40,28.1227,-16.726,68.88,59,20,3.0
444,camargo,MX,2021-11-08 18:39:40,27.6667,-105.1667,79.43,19,100,6.4
445,krasnoselkup,RU,2021-11-08 18:39:41,65.7,82.4667,9.21,91,92,7.78
446,oranjestad,AW,2021-11-08 18:36:26,12.524,-70.027,87.75,66,75,18.41
447,abu kamal,SY,2021-11-08 18:39:41,34.4506,40.9171,66.45,16,100,5.75
448,berbera,SO,2021-11-08 18:39:41,10.4396,45.0143,82.85,51,9,7.7
449,atambua,ID,2021-11-08 18:39:41,-9.1061,124.8925,76.26,85,71,2.04
450,portland,US,2021-11-08 18:32:11,45.5234,-122.6762,53.51,81,20,1.01
451,lannion,FR,2021-11-08 18:39:42,48.75,-3.4167,55.35,100,90,3.44
452,saint-augustin,CA,2021-11-08 18:39:42,51.226,-58.6502,38.79,95,100,5.93
453,santa maria,BR,2021-11-08 18:39:29,-29.6842,-53.8069,79.9,44,20,9.22
454,gamba,GA,2021-11-08 18:39:42,-2.65,10.0,76.57,87,97,1.99
455,bako,ET,2021-11-08 18:40:43,5.7833,36.5667,65.03,79,78,4.0
456,talnakh,RU,2021-11-08 18:40:43,69.4865,88.3972,-0.72,99,94,1.83
457,yantal,RU,2021-11-08 18:40:43,56.8471,105.2542,29.16,81,75,9.75
458,mahibadhoo,MV,2021-11-08 18:40:43,3.7833,72.9667,82.62,72,100,18.21
459,xining,CN,2021-11-08 18:39:07,36.6167,101.7667,19.63,76,0,1.59
460,kanigoro,ID,2021-11-08 18:40:44,-8.13,112.219,74.8,84,100,2.44
461,llaillay,CL,2021-11-08 18:40:44,-32.85,-70.9667,89.24,19,0,8.52
462,cabedelo,BR,2021-11-08 18:40:44,-6.9811,-34.8339,84.87,67,33,12.33
463,graaff-reinet,ZA,2021-11-08 18:40:45,-32.2522,24.5308,49.93,96,100,4.09
464,los llanos de aridane,ES,2021-11-08 18:40:45,28.6585,-17.9182,65.95,66,20,8.99
465,tiznit,MA,2021-11-08 18:40:45,29.5833,-9.5,57.4,44,0,2.71
466,ust-maya,RU,2021-11-08 18:40:45,60.4167,134.5333,12.06,95,100,5.93
467,walvis bay,NA,2021-11-08 18:40:46,-22.9575,14.5053,68.95,45,3,21.85
468,abha,SA,2021-11-08 18:40:46,18.2164,42.5053,58.82,63,20,3.44
469,cuamba,MZ,2021-11-08 18:40:46,-14.8031,36.5372,82.71,24,19,5.57
470,muli,MV,2021-11-08 18:40:46,2.9167,73.5667,82.92,73,98,16.78
471,korla,CN,2021-11-08 18:39:11,41.7597,86.1469,28.92,39,0,2.66
472,roald,NO,2021-11-08 18:40:47,62.5833,6.1333,47.32,57,75,14.97
473,kamenka,RU,2021-11-08 18:40:47,51.3223,42.7678,44.74,83,84,13.31
474,high level,CA,2021-11-08 18:40:47,58.5169,-117.136,19.51,100,75,0.0
475,denpasar,ID,2021-11-08 18:40:48,-8.65,115.2167,80.26,88,20,4.61
476,abhayapuri,IN,2021-11-08 18:40:48,26.3333,90.6667,64.78,74,55,4.18
477,pudozh,RU,2021-11-08 18:40:48,61.8099,36.5345,28.98,76,41,7.81
478,pingzhuang,CN,2021-11-08 18:40:49,42.0372,119.2889,26.29,62,100,26.22
479,sydney,AU,2021-11-08 18:40:07,-33.8679,151.2073,64.35,92,75,7.0
480,huarmey,PE,2021-11-08 18:40:49,-10.0681,-78.1522,69.91,72,100,9.4
481,nemuro,JP,2021-11-08 18:40:49,43.3236,145.575,51.53,93,3,15.73
482,meulaboh,ID,2021-11-08 18:40:49,4.1363,96.1285,75.13,89,100,4.05
483,washougal,US,2021-11-08 18:40:50,45.5826,-122.3534,54.64,79,1,14.97
484,turukhansk,RU,2021-11-08 18:40:50,65.8167,87.9833,13.48,91,100,6.85
485,pailon,BO,2021-11-08 18:40:50,-17.65,-62.75,89.28,41,100,8.05
486,cayenne,GF,2021-11-08 18:40:50,4.9333,-52.3333,87.84,79,40,4.0
487,kyaikto,MM,2021-11-08 18:40:51,17.3,97.0167,78.26,86,100,1.61
488,ambon,ID,2021-11-08 18:40:51,-3.6954,128.1814,81.81,79,38,1.68
489,takestan,IR,2021-11-08 18:40:51,36.0696,49.6959,43.59,34,0,1.7
490,maniwaki,CA,2021-11-08 18:40:51,46.3834,-75.966,61.18,55,20,10.36
491,oranjemund,NA,2021-11-08 18:40:52,-28.55,16.4333,60.66,79,0,14.76
492,amnat charoen,TH,2021-11-08 18:40:52,15.9167,104.75,66.33,81,61,19.08
493,chulym,RU,2021-11-08 18:40:52,55.0997,80.9572,25.61,82,100,9.62
494,houston,US,2021-11-08 18:34:21,29.7633,-95.3633,77.34,63,40,5.01
495,nadvoitsy,RU,2021-11-08 18:40:52,63.8667,34.3167,24.94,82,69,7.72
496,san luis,AR,2021-11-08 18:40:53,-33.295,-66.3356,82.09,28,40,12.66
497,honiara,SB,2021-11-08 18:40:53,-9.4333,159.95,77.36,85,10,6.26
498,oistins,BB,2021-11-08 18:40:53,13.0667,-59.5333,87.89,62,20,13.8
499,muscat,OM,2021-11-08 18:40:53,23.6139,58.5922,80.62,56,0,8.08
500,zhezkazgan,KZ,2021-11-08 18:41:54,47.8043,67.7144,34.41,56,9,6.62
501,moche,PE,2021-11-08 18:41:54,-8.1711,-79.0092,68.18,77,40,12.66
502,carutapera,BR,2021-11-08 18:41:54,-1.195,-46.02,84.18,70,42,9.26
503,broome,US,2021-11-08 18:41:54,42.2506,-75.833,65.48,60,1,1.01
504,fairbanks,US,2021-11-08 18:41:38,64.8378,-147.7164,15.76,83,75,4.61
505,la ciotat,FR,2021-11-08 18:41:55,43.1748,5.6045,58.87,91,32,4.68
506,pangkalanbuun,ID,2021-11-08 18:41:55,-2.6833,111.6167,75.29,90,100,1.66
507,luganville,VU,2021-11-08 18:41:55,-15.5333,167.1667,78.8,85,45,6.29
508,porto seguro,BR,2021-11-08 18:41:56,-16.4497,-39.0647,81.12,78,75,13.8
509,troitskoye,RU,2021-11-08 18:41:56,52.9821,84.6757,29.46,60,100,10.0
510,alugan,PH,2021-11-08 18:41:56,12.2188,125.4808,81.05,84,100,11.5
511,zhigansk,RU,2021-11-08 18:41:56,66.7697,123.3711,9.45,94,100,25.55
512,pangnirtung,CA,2021-11-08 18:41:57,66.1451,-65.7125,14.0,67,20,4.61
513,alenquer,BR,2021-11-08 18:41:57,-1.9417,-54.7383,89.94,62,100,2.62
514,soma,TR,2021-11-08 18:41:57,39.1855,27.6094,59.0,49,70,1.52
515,beli manastir,HR,2021-11-08 18:41:57,45.77,18.6036,47.35,79,99,4.79
516,hare bay,CA,2021-11-08 18:41:58,48.8499,-54.0148,51.4,62,8,5.91
517,morant bay,JM,2021-11-08 18:41:58,17.8815,-76.4093,87.42,69,33,6.4
518,neryungri,RU,2021-11-08 18:41:58,56.6709,124.6491,-2.42,96,31,2.48
519,bambanglipuro,ID,2021-11-08 18:41:59,-7.95,110.2833,78.03,86,100,0.94
520,jacareacanga,BR,2021-11-08 18:41:59,-6.2222,-57.7528,91.71,58,40,5.75
521,chaman,PK,2021-11-08 18:41:59,30.9236,66.4512,56.03,33,0,2.37
522,muroto,JP,2021-11-08 18:41:59,33.2833,134.15,69.93,76,76,11.07
523,yulara,AU,2021-11-08 18:42:00,-25.2406,130.9889,67.84,88,90,11.5
524,toamasina,MG,2021-11-08 18:42:00,-18.1667,49.3833,75.2,94,40,1.14
525,seymchan,RU,2021-11-08 18:42:00,62.8833,152.4333,-9.85,95,32,1.54
526,salinopolis,BR,2021-11-08 18:42:01,-0.6136,-47.3561,83.89,70,17,9.84
527,mount isa,AU,2021-11-08 18:42:01,-20.7333,139.5,71.37,100,40,6.91
528,manosque,FR,2021-11-08 18:42:01,43.8288,5.7869,53.76,68,7,6.62
529,puerto ayacucho,VE,2021-11-08 18:42:02,5.6639,-67.6236,85.84,68,75,1.9
530,kaeo,NZ,2021-11-08 18:42:02,-35.1,173.7833,58.32,97,14,2.19
531,lingyuan,CN,2021-11-08 18:42:03,41.24,119.4011,26.22,67,100,13.29
532,ormara,PK,2021-11-08 18:42:03,25.2088,64.6357,79.65,47,0,8.01
533,sanchez,DO,2021-11-08 18:42:03,19.2281,-69.6137,89.62,70,20,17.27
534,dali,CN,2021-11-08 18:42:04,25.7,100.1833,49.55,86,100,2.3
535,kimbe,PG,2021-11-08 18:42:04,-5.5502,150.1429,75.38,92,4,3.42
536,det udom,TH,2021-11-08 18:42:04,14.906,105.0784,69.62,87,7,9.4
537,rock springs,US,2021-11-08 18:42:04,41.5875,-109.2029,46.04,77,1,1.01
538,caravelas,BR,2021-11-08 18:42:05,-17.7125,-39.2481,79.88,64,98,8.63
539,banda aceh,ID,2021-11-08 18:42:05,5.5577,95.3222,77.27,88,100,13.06
540,west wendover,US,2021-11-08 18:42:05,40.7391,-114.0733,45.61,49,1,5.75
541,lompoc,US,2021-11-08 18:42:05,34.6391,-120.4579,70.84,63,1,4.61
542,vila franca do campo,PT,2021-11-08 18:42:06,37.7167,-25.4333,72.19,81,70,13.98
543,shakiso,ET,2021-11-08 18:42:06,5.75,38.9167,58.53,97,83,2.73
544,charters towers,AU,2021-11-08 18:42:06,-20.1,146.2667,75.87,84,100,6.6
545,cururupu,BR,2021-11-08 18:42:06,-1.8283,-44.8683,86.11,58,79,6.35
546,caborca,MX,2021-11-08 18:43:07,30.5838,-111.101,81.0,18,100,11.63
547,solkan,SI,2021-11-08 18:43:07,45.9714,13.6494,52.41,70,55,8.01
548,teguise,ES,2021-11-08 18:43:07,29.0605,-13.564,64.62,60,20,12.66
549,nizhneudinsk,RU,2021-11-08 18:43:08,54.9076,99.0276,28.67,75,98,4.5
550,fukue,JP,2021-11-08 18:43:08,32.6881,128.8419,56.79,71,100,23.29
551,klyuchi,RU,2021-11-08 18:43:08,52.2667,79.1667,30.07,61,100,8.79
552,lincoln,US,2021-11-08 18:40:49,40.8,-96.667,63.01,73,40,5.01
553,jaciara,BR,2021-11-08 18:43:08,-15.9653,-54.9683,88.84,48,100,3.69
554,luba,GQ,2021-11-08 18:43:09,3.4568,8.5547,80.89,82,82,7.99
555,ilhabela,BR,2021-11-08 18:43:09,-23.7781,-45.3581,71.74,83,97,4.16
556,limburg,NL,2021-11-08 18:43:09,51.25,6.0,50.41,87,13,4.38
557,nouadhibou,MR,2021-11-08 18:43:10,20.931,-17.0347,67.98,73,40,13.8
558,gornozavodsk,RU,2021-11-08 18:43:10,58.3758,58.3211,32.68,96,100,11.16
559,inirida,CO,2021-11-08 18:43:10,3.8653,-67.9239,78.78,86,100,0.18
560,trujillo,PE,2021-11-08 18:38:12,-8.116,-79.03,67.96,77,40,12.66
561,charleville-mezieres,FR,2021-11-08 18:43:10,49.7667,4.7167,42.94,78,54,2.64
562,necochea,AR,2021-11-08 18:43:11,-38.5473,-58.7368,66.04,63,38,12.24
563,sonqor,IR,2021-11-08 18:43:11,34.7837,47.6004,45.41,35,0,3.71
564,pechenga,RU,2021-11-08 18:43:11,69.5259,31.1703,20.26,93,75,5.91
565,khuzhir,RU,2021-11-08 18:43:12,53.1939,107.3397,36.36,60,56,8.16
566,noumea,NC,2021-11-08 18:43:12,-22.2763,166.4572,73.99,99,51,3.87
567,hofn,IS,2021-11-08 18:43:12,64.2539,-15.2082,42.82,87,75,10.36
568,shache,CN,2021-11-08 18:43:12,38.4167,77.2406,33.64,33,0,3.85
569,katangli,RU,2021-11-08 18:43:13,51.7102,143.2326,25.92,79,94,8.19
570,northam,GB,2021-11-08 18:43:13,51.0333,-4.2167,56.34,94,44,9.62
571,sao felix do xingu,BR,2021-11-08 18:43:13,-6.6447,-51.995,89.4,51,99,1.99
572,taicheng,CN,2021-11-08 18:43:14,38.731,113.228,13.28,85,5,4.18
573,juneau,US,2021-11-08 18:39:07,58.3019,-134.4197,37.85,83,90,0.0
574,shaikhpura,IN,2021-11-08 18:43:14,25.15,85.85,67.3,61,96,4.88
575,dryden,CA,2021-11-08 18:43:14,49.7833,-92.7503,46.69,46,1,16.11
576,augusto correa,BR,2021-11-08 18:43:14,-1.0217,-46.635,86.31,61,38,7.85
577,itoman,JP,2021-11-08 18:43:15,26.1247,127.6694,68.02,83,75,23.02
578,deming,US,2021-11-08 18:43:15,32.2687,-107.7586,73.58,19,1,3.44
579,puerto quijarro,BO,2021-11-08 18:43:15,-17.7833,-57.7667,91.78,43,99,2.95
580,itarema,BR,2021-11-08 18:43:15,-2.9248,-39.9167,84.78,62,47,13.78
581,palora,EC,2021-11-08 18:43:16,-1.7,-77.9333,78.91,48,39,4.97
582,xinyu,CN,2021-11-08 18:43:16,27.8043,114.9334,42.85,62,79,1.25
583,moyale,KE,2021-11-08 18:43:16,3.5167,39.0584,72.09,69,100,8.39
584,luwuk,ID,2021-11-08 18:43:16,-0.9516,122.7875,78.21,86,54,1.83
585,maumere,ID,2021-11-08 18:43:17,-8.6199,122.2111,81.36,79,100,1.5
586,phek,IN,2021-11-08 18:43:17,25.6667,94.5,45.7,98,56,1.66
587,marsa matruh,EG,2021-11-08 18:43:17,31.3525,27.2453,70.0,83,0,4.61
588,kalmunai,LK,2021-11-08 18:43:17,7.4167,81.8167,74.52,94,100,10.56
589,zaysan,KZ,2021-11-08 18:43:18,47.4667,84.8667,16.86,75,0,3.96
590,wakkanai,JP,2021-11-08 18:44:18,45.4094,141.6739,48.11,81,100,11.56
591,lamu,KE,2021-11-08 18:44:18,-2.2717,40.902,80.82,84,96,11.7
592,sechura,PE,2021-11-08 18:44:19,-5.5569,-80.8222,73.27,62,93,14.2
593,agogo,GH,2021-11-08 18:44:19,6.8,-1.0819,75.4,78,42,4.25
594,vostok,RU,2021-11-08 18:44:19,46.4856,135.8833,39.65,83,100,9.13
595,maniitsoq,GL,2021-11-08 18:44:19,65.4167,-52.9,17.91,62,56,5.17
596,severo-kurilsk,RU,2021-11-08 18:44:20,50.6789,156.125,36.32,63,76,21.39
597,pevek,RU,2021-11-08 18:44:20,69.7008,170.3133,4.35,91,95,5.95
598,valdez,EC,2021-11-08 18:44:20,1.2492,-78.9831,78.8,80,44,10.6
599,melito di porto salvo,IT,2021-11-08 18:44:20,37.9222,15.7714,71.53,60,100,14.97
600,dalnerechensk,RU,2021-11-08 18:44:21,45.9339,133.7225,52.66,70,100,16.46
601,whitehorse,CA,2021-11-08 18:44:21,60.7161,-135.0538,11.17,85,75,4.61
602,ekhabi,RU,2021-11-08 18:44:21,53.5102,142.9671,18.79,74,15,6.87
603,chongwe,ZM,2021-11-08 18:44:22,-15.3292,28.682,78.17,23,5,4.79
604,santa cruz,BO,2021-11-08 18:41:35,-17.8,-63.1667,87.85,45,40,3.44
605,bhainsdehi,IN,2021-11-08 18:44:22,21.6467,77.6325,61.95,48,89,2.33
606,bermejillo,MX,2021-11-08 18:44:22,25.8833,-103.6167,76.03,20,8,5.7
607,provost,CA,2021-11-08 18:44:22,52.3501,-110.2683,41.45,25,58,15.19
608,laguna,US,2021-11-08 18:44:23,38.421,-121.4238,63.36,66,1,1.01
609,beloha,MG,2021-11-08 18:44:23,-25.1667,45.05,75.52,66,8,3.91
610,padang,ID,2021-11-08 18:44:23,-0.9492,100.3543,76.55,88,100,6.08
611,kharp,RU,2021-11-08 18:44:23,66.8014,65.8081,9.45,91,64,6.67
612,slave lake,CA,2021-11-08 18:44:24,55.2834,-114.769,24.78,86,75,2.3
613,reading,GB,2021-11-08 18:44:24,51.4562,-0.9711,53.33,89,75,5.75
614,saint albans,GB,2021-11-08 18:44:24,51.75,-0.3333,52.5,91,90,9.22
615,guerrero negro,MX,2021-11-08 18:44:24,27.9769,-114.0611,71.53,58,100,4.94
616,skjervoy,NO,2021-11-08 18:44:25,70.0311,20.9714,30.38,60,99,3.65
617,smithers,CA,2021-11-08 18:44:25,54.7804,-127.1743,26.92,86,75,4.61
618,srivardhan,IN,2021-11-08 18:44:25,18.0333,73.0167,75.24,69,0,4.59
619,manjacaze,MZ,2021-11-08 18:44:25,-24.7117,33.8828,84.34,31,16,11.61
620,bilibino,RU,2021-11-08 18:44:26,68.0546,166.4372,-4.23,95,66,4.54
621,kirakira,SB,2021-11-08 18:44:26,-10.4544,161.9205,79.92,83,7,7.18
622,yuzhne,UA,2021-11-08 18:44:26,46.6221,31.1013,52.02,66,100,13.62
623,buraydah,SA,2021-11-08 18:42:12,26.326,43.975,68.45,13,0,10.78
624,natal,BR,2021-11-08 18:43:55,-5.795,-35.2094,86.65,62,40,17.27
625,kisangani,CD,2021-11-08 18:44:27,0.5167,25.2,72.0,89,88,2.8
